{
  "volcanoes_features": 92,
  "smelters_features": 13,
  "volcanoes_first_coords": [
    -71.93899999999998,
    -39.419999999074285
  ],
  "smelters_first_coords": [
    -69.49413488972849,
    -24.409945972646874
  ]
}